Postions,Company,Location,Salary,Time apply
Software Engineer,PT. TRANSMORA KREASI NUSANTARA,Jakarta Raya,Rp 6.500.000 – Rp 8.500.000 per month,3 jam yang lalu
Software Engineer,PT Infolog Solutions Indonesia,Jakarta Raya,Rp 8.000.000 – Rp 12.000.000 per month,30+ hari yang lalu
Assistant software Engineer - Intern (Paid Internship),HITHINK TECHNOLOGY INDONESIA,Jakarta Selatan,Salary not found,11 jam yang lalu
"Software Engineer I, Backend (Flight)",PT Global Tiket Network,Jakarta Raya,Salary not found,10 jam yang lalu
"Software Engineer, Backend",PT Solusi Transportasi Indonesia,Kebayoran Lama,Salary not found,1 hari yang lalu
Software Engineer,PT Adecco Personnel Indonesia,Jakarta Raya,Salary not found,9 hari yang lalu
"Senior Software Engineer - GO, Java, Sprinboot",PT XL Axiata Tbk,Jakarta Raya,Salary not found,2 hari yang lalu
Software Developer,KSP Serambi Dana,Pasar Minggu,Rp 5.500.000 – Rp 8.000.000 per month,10 hari yang lalu
IT Java Developer,"PT Bank IBK Indonesia, Tbk",Jakarta Pusat,Salary not found,5 jam yang lalu
Senior Full Stack Developer,PT Datacaraka Solusindo,Jakarta Raya,Rp 17.000.000 – Rp 21.000.000 per month,4 jam yang lalu
ICT Support Services Engineer,PT Petrolink Services Indonesia,Jakarta Raya,Salary not found,14 hari yang lalu
Software Engineer,PT Aplikasi Karya Anak Bangsa (GO-JEK Indonesia),Jakarta Raya,Salary not found,14 hari yang lalu
AIF - AHM - Software Engineer Intern,PT Astra Honda Motor (Head Office),Jakarta Raya,Salary not found,9 hari yang lalu
Senior Software Engineer in Test (SDET),PT BLANKA JAYA INDONESIA,Jakarta Selatan,Rp 20.000.000 – Rp 30.000.000 per month,27 hari yang lalu
"Software Engineer I, Frontend (Accommodation)",PT Global Tiket Network,Jakarta Raya,Salary not found,30+ hari yang lalu
Senior Web & App Developer- Work From Home Basic,COOPER SERVICES SDN. BHD.,Jakarta Raya,"Rp 11,000,000 – Rp 13,000,000 per month",7 hari yang lalu
Fullstack Engineer,PT METRA DIGITAL MEDIA BY TELKOM INDONESIA,Jakarta Selatan,Salary not found,8 hari yang lalu
Middle Full Stack Developer,PT Datacaraka Solusindo,Jakarta Raya,Rp 7.800.000 – Rp 10.000.000 per month,2 hari yang lalu
"Senior Software Engineer, Backend - Consumer Experience",PT Solusi Transportasi Indonesia,Jakarta Raya,Salary not found,6 hari yang lalu
Lead Software Engineer,PT Aplikasi Karya Anak Bangsa (GO-JEK Indonesia),Jakarta Raya,Salary not found,30+ hari yang lalu
Software Engineer (Java),PT Karisma Zona Kreatifku,Jakarta Selatan,Rp 8.000.000 – Rp 12.000.000 per month,7 hari yang lalu
IT Software Engineer Staff (Software Developer),PT WOORI FINANCE INDONESIA TBK,Jakarta Raya,"IDR 5,000,000 - 7,000,000",3 hari yang lalu
Software Engineer,PT Aplikasi Karya Anak Bangsa (GO-JEK Indonesia),Jakarta Raya,Salary not found,28 hari yang lalu
PROGRAMMER JAVA,PT. PLANA NETWORKS INDONESIA,Jakarta Selatan,Salary not found,16 hari yang lalu
"Senior Software Engineer, Backend (Payments Experience)",PT Solusi Transportasi Indonesia,Jakarta Raya,Salary not found,28 hari yang lalu
Software Engineer Oracle,PT Trinusa Travelindo,Jakarta Raya,Salary not found,30+ hari yang lalu
"Software Engineer, Fullstack - Payments Experience",PT Solusi Transportasi Indonesia,Sawah Besar,Salary not found,26 hari yang lalu
Software Engineer,PT SOD Technology Indonesia,Jakarta Raya,Salary not found,20 hari yang lalu
PRODUCT & TECH MANAGER,PT. Pasifik Sukses Gemilang,Jakarta Raya,Rp 10.000.000 – Rp 13.000.000 per month,9 hari yang lalu
Full Stack Developer (AI Centric),POINTSTAR (PSID),Jakarta Raya,Salary not found,17 hari yang lalu
Senior Software Engineer,PT Aplikasi Karya Anak Bangsa (GO-JEK Indonesia),Jakarta Raya,Salary not found,30+ hari yang lalu
"Lead Software Engineer, Fullstack",PT Solusi Transportasi Indonesia,Sawah Besar,Salary not found,9 hari yang lalu
